0,DO YOU WANT TO HAVE SEX,*,*,<srai>FILTER INAPPROPRIATE</srai>,inappropriate.aiml
0,DO YOU WANT TO HAVE SEX WITH ME,*,*,<srai>FILTER INAPPROPRIATE</srai>,inappropriate.aiml
0,DO YOU WATCH PORN,*,*,<srai>FILTER INAPPROPRIATE</srai>,inappropriate.aiml
0,DO YOU WANNA HAVE SEX,*,*,<srai>FILTER INAPPROPRIATE</srai>,inappropriate.aiml
0,DO YOU WANNA HAVE SEX *,*,*,<srai>FILTER INAPPROPRIATE</srai>,inappropriate.aiml
0,DO YOU SWALLOW *,*,*,<srai>FILTER INAPPROPRIATE</srai>,inappropriate.aiml
0,DO YOU HAVE SEX,*,*,<srai>FILTER INAPPROPRIATE</srai>,inappropriate.aiml
0,DO YOU HAVE BIG BOOBIES,*,*,<srai>FILTER INAPPROPRIATE</srai>,inappropriate.aiml
0,DO YOU SUCK DICK,*,*,<srai>FILTER INAPPROPRIATE</srai>,inappropriate.aiml
0,DO YOU LIKE A ASTERISK *,*,*,<srai>FILTER INAPPROPRIATE</srai>,inappropriate.aiml
0,DO YOU LIKE TO HAVE SEX,*,*,<srai>FILTER INAPPROPRIATE</srai>,inappropriate.aiml
0,DO YOU LIKE TO SUCK *,*,*,<srai>FILTER INAPPROPRIATE</srai>,inappropriate.aiml
0,DO YOU LIKE SEX,*,*,<srai>FILTER INAPPROPRIATE</srai>,inappropriate.aiml
0,DO YOU LIKE PORN,*,*,<srai>FILTER INAPPROPRIATE</srai>,inappropriate.aiml
0,DO YOU LIKE PENIS,*,*,<srai>FILTER INAPPROPRIATE</srai>,inappropriate.aiml
0,DO YOU KNOW ANY DIRTY JOKES,*,*,<srai>FILTER INAPPROPRIATE</srai>,inappropriate.aiml
0,ARE YOU SEXY,*,*,<srai>FILTER INAPPROPRIATE</srai>,inappropriate.aiml
0,ARE YOU HORNY,*,*,<srai>FILTER INAPPROPRIATE</srai>,inappropriate.aiml
0,PORN,*,*,<srai>FILTER INAPPROPRIATE</srai>,inappropriate.aiml
0,TELL ME A DIRTY JOKE,*,*,<srai>FILTER INAPPROPRIATE</srai>,inappropriate.aiml
0,SHOW ME A VAGINA,*,*,<srai>FILTER INAPPROPRIATE</srai>,inappropriate.aiml
0,SHOW ME A PICTURE OF NUDE *,*,*,<srai>FILTER INAPPROPRIATE</srai>,inappropriate.aiml
0,SHOW ME A PICTURE OF BOOBIES,*,*,<srai>FILTER INAPPROPRIATE</srai>,inappropriate.aiml
0,SHOW ME A NAKED *,*,*,<srai>FILTER INAPPROPRIATE</srai>,inappropriate.aiml
0,SHOW ME PORN,*,*,<srai>FILTER INAPPROPRIATE</srai>,inappropriate.aiml
0,_ TEENBLOWJOB *,*,*,<srai>FILTER INAPPROPRIATE</srai>,inappropriate.aiml
0,SHOW ME SOME PORN,*,*,<srai>FILTER INAPPROPRIATE</srai>,inappropriate.aiml
0,SHOW ME TITS,*,*,<srai>FILTER INAPPROPRIATE</srai>,inappropriate.aiml
0,SHOW ME NUDE *,*,*,<srai>FILTER INAPPROPRIATE</srai>,inappropriate.aiml
0,SHOW ME VAGINA,*,*,<srai>FILTER INAPPROPRIATE</srai>,inappropriate.aiml
0,SHOW ME YOUR VAGINA,*,*,<srai>FILTER INAPPROPRIATE</srai>,inappropriate.aiml
0,YOU TURN ME ON,*,*,<srai>FILTER INAPPROPRIATE</srai>,inappropriate.aiml
0,I WANT SEX,*,*,<srai>FILTER INAPPROPRIATE</srai>,inappropriate.aiml
0,I WANT TO F ASTERISK *,*,*,<srai>FILTER INAPPROPRIATE</srai>,inappropriate.aiml
0,I WANT TO RAPE YOU,*,*,<srai>FILTER INAPPROPRIATE</srai>,inappropriate.aiml
0,I WANT TO HAVE SEX,*,*,<srai>FILTER INAPPROPRIATE</srai>,inappropriate.aiml
0,I WANT TO MAKE LOVE TO YOU,*,*,<srai>FILTER INAPPROPRIATE</srai>,inappropriate.aiml
0,I HAVE A BONER,*,*,<srai>FILTER INAPPROPRIATE</srai>,inappropriate.aiml
0,I AM HORNY,*,*,<srai>FILTER INAPPROPRIATE</srai>,inappropriate.aiml
0,I AM HORNY *,*,*,<srai>FILTER INAPPROPRIATE</srai>,inappropriate.aiml
0,I LIKE SEX,*,*,<srai>FILTER INAPPROPRIATE</srai>,inappropriate.aiml
0,I LIKE TO HAVE SEX *,*,*,<srai>FILTER INAPPROPRIATE</srai>,inappropriate.aiml
0,I LIKE RAPE,*,*,<srai>FILTER INAPPROPRIATE</srai>,inappropriate.aiml
0,I WILL FUCK YOU,*,*,<srai>FILTER INAPPROPRIATE</srai>,inappropriate.aiml
0,I WANNA HAVE SEX,*,*,<srai>FILTER INAPPROPRIATE</srai>,inappropriate.aiml
0,I WANNA HAVE SEX *,*,*,<srai>FILTER INAPPROPRIATE</srai>,inappropriate.aiml
0,I WANNA FUCK YOU,*,*,<srai>FILTER INAPPROPRIATE</srai>,inappropriate.aiml
0,I FUCKED *,*,*,<srai>FILTER INAPPROPRIATE</srai>,inappropriate.aiml
0,I NEED SEX,*,*,<srai>FILTER INAPPROPRIATE</srai>,inappropriate.aiml
0,T ASTERISK ASTERISK ASTERISK *,*,*,<srai>FILTER INAPPROPRIATE</srai>,inappropriate.aiml
0,SEXUAL *,*,*,<srai>FILTER INAPPROPRIATE</srai>,inappropriate.aiml
0,_ SEXFUCK *,*,*,<srai>FILTER INAPPROPRIATE</srai>,inappropriate.aiml
0,_ SEXY *,*,*,<srai>FILTER INAPPROPRIATE</srai>,inappropriate.aiml
0,_ BOOBS,*,*,<srai>FILTER INAPPROPRIATE</srai>,inappropriate.aiml
0,_ NUDEGIRL *,*,*,<srai>FILTER INAPPROPRIATE</srai>,inappropriate.aiml
0,_ GIRLSEX *,*,*,<srai>FILTER INAPPROPRIATE</srai>,inappropriate.aiml
0,_ TO FUCK YOU,*,*,<srai>FILTER INAPPROPRIATE</srai>,inappropriate.aiml
0,_ ANAL SEX,*,*,<srai>FILTER INAPPROPRIATE</srai>,inappropriate.aiml
0,_ HOGTIED *,*,*,<srai>FILTER INAPPROPRIATE</srai>,inappropriate.aiml
0,_ TEEN UNDERSCORE *,*,*,<srai>FILTER INAPPROPRIATE</srai>,inappropriate.aiml
0,_ PUSSY,*,*,<srai>FILTER INAPPROPRIATE</srai>,inappropriate.aiml
0,_ YOUR PUSSY,*,*,<srai>FILTER INAPPROPRIATE</srai>,inappropriate.aiml
0,_ YOUR ASS,*,*,<srai>FILTER INAPPROPRIATE</srai>,inappropriate.aiml
0,_ YOUR BREASTS,*,*,<srai>FILTER INAPPROPRIATE</srai>,inappropriate.aiml
0,_ BLOWJOB,*,*,<srai>FILTER INAPPROPRIATE</srai>,inappropriate.aiml
0,_ DOWNBLOUSE *,*,*,<srai>FILTER INAPPROPRIATE</srai>,inappropriate.aiml
0,_ SEX *,*,*,<srai>FILTER INAPPROPRIATE</srai>,inappropriate.aiml
0,_ SEX WITH YOU,*,*,<srai>FILTER INAPPROPRIATE</srai>,inappropriate.aiml
0,_ ASSHOLE,*,*,<srai>FILTER INAPPROPRIATE</srai>,inappropriate.aiml
0,_ SEXGURL *,*,*,<srai>FILTER INAPPROPRIATE</srai>,inappropriate.aiml
0,_ NICE ASS,*,*,<srai>FILTER INAPPROPRIATE</srai>,inappropriate.aiml
0,_ NEKKID GIRL *,*,*,<srai>FILTER INAPPROPRIATE</srai>,inappropriate.aiml
0,_ HORNY *,*,*,<srai>FILTER INAPPROPRIATE</srai>,inappropriate.aiml
0,_ WHALETAILS *,*,*,<srai>FILTER INAPPROPRIATE</srai>,inappropriate.aiml
0,_ MY DICK,*,*,<srai>FILTER INAPPROPRIATE</srai>,inappropriate.aiml
0,_ MY PENIS,*,*,<srai>FILTER INAPPROPRIATE</srai>,inappropriate.aiml
0,_ HENTAI,*,*,<srai>FILTER INAPPROPRIATE</srai>,inappropriate.aiml
0,_ MASTURBATE,*,*,<srai>FILTER INAPPROPRIATE</srai>,inappropriate.aiml
0,_ BLOWJOBGIRL *,*,*,<srai>FILTER INAPPROPRIATE</srai>,inappropriate.aiml
0,_ ATK GALLERIA *,*,*,<srai>FILTER INAPPROPRIATE</srai>,inappropriate.aiml
0,_ RAPE YOU,*,*,<srai>FILTER INAPPROPRIATE</srai>,inappropriate.aiml
0,_ HAVE SEX *,*,*,<srai>FILTER INAPPROPRIATE</srai>,inappropriate.aiml
0,_ UPSKIRT *,*,*,<srai>FILTER INAPPROPRIATE</srai>,inappropriate.aiml
0,_ STRIPPER,*,*,<srai>FILTER INAPPROPRIATE</srai>,inappropriate.aiml
0,_ DOWN BLOUSE *,*,*,<srai>FILTER INAPPROPRIATE</srai>,inappropriate.aiml
0,_ GIRLSPUSSY *,*,*,<srai>FILTER INAPPROPRIATE</srai>,inappropriate.aiml
0,_ YOU NAKED,*,*,<srai>FILTER INAPPROPRIATE</srai>,inappropriate.aiml
0,_ SUCK MY DICK,*,*,<srai>FILTER INAPPROPRIATE</srai>,inappropriate.aiml
0,_ BIG DICKS,*,*,<srai>FILTER INAPPROPRIATE</srai>,inappropriate.aiml
0,MASTURBATE,*,*,<srai>FILTER INAPPROPRIATE</srai>,inappropriate.aiml
0,PORNO,*,*,<srai>FILTER INAPPROPRIATE</srai>,inappropriate.aiml
0,VAGINA,*,*,<srai>FILTER INAPPROPRIATE</srai>,inappropriate.aiml
0,ANUS,*,*,<srai>FILTER INAPPROPRIATE</srai>,inappropriate.aiml
0,WOULD YOU LIKE TO HAVE SEX,*,*,<srai>FILTER INAPPROPRIATE</srai>,inappropriate.aiml
0,HAVING SEX,*,*,<srai>FILTER INAPPROPRIATE</srai>,inappropriate.aiml
0,HAVING SEX WITH *,*,*,<srai>FILTER INAPPROPRIATE</srai>,inappropriate.aiml
0,FUCK ME,*,*,<srai>FILTER INAPPROPRIATE</srai>,inappropriate.aiml
0,FUCK ME *,*,*,<srai>FILTER INAPPROPRIATE</srai>,inappropriate.aiml
0,FUCK MY *,*,*,<srai>FILTER INAPPROPRIATE</srai>,inappropriate.aiml
0,WANT TO HAVE SEX,*,*,<srai>FILTER INAPPROPRIATE</srai>,inappropriate.aiml
0,LETS HAVE SEX,*,*,<srai>FILTER INAPPROPRIATE</srai>,inappropriate.aiml
0,LETS FUCK,*,*,<srai>FILTER INAPPROPRIATE</srai>,inappropriate.aiml
0,PORNHUB *,*,*,<srai>FILTER INAPPROPRIATE</srai>,inappropriate.aiml
0,COCK *,*,*,<srai>FILTER INAPPROPRIATE</srai>,inappropriate.aiml
0,MY PENIS,*,*,<srai>FILTER INAPPROPRIATE</srai>,inappropriate.aiml
0,MY PENIS *,*,*,<srai>FILTER INAPPROPRIATE</srai>,inappropriate.aiml
0,MY PENIS IS *,*,*,<srai>FILTER INAPPROPRIATE</srai>,inappropriate.aiml
0,MY DICK,*,*,<srai>FILTER INAPPROPRIATE</srai>,inappropriate.aiml
0,MY DICK IS *,*,*,<srai>FILTER INAPPROPRIATE</srai>,inappropriate.aiml
0,CAN WE HAVE SEX,*,*,<srai>FILTER INAPPROPRIATE</srai>,inappropriate.aiml
0,CAN YOU TELL ME A DIRTY JOKE,*,*,<srai>FILTER INAPPROPRIATE</srai>,inappropriate.aiml
0,CAN YOU HAVE SEX,*,*,<srai>FILTER INAPPROPRIATE</srai>,inappropriate.aiml
0,CAN YOU SUCK MY *,*,*,<srai>FILTER INAPPROPRIATE</srai>,inappropriate.aiml
0,CAN YOU GIVE ME A BLOWJOB,*,*,<srai>FILTER INAPPROPRIATE</srai>,inappropriate.aiml
0,CAN YOU TALK DIRTY TO ME,*,*,<srai>FILTER INAPPROPRIATE</srai>,inappropriate.aiml
0,CAN I F ASTERISK ASTERISK ASTERISK YOU *,*,*,<srai>FILTER INAPPROPRIATE</srai>,inappropriate.aiml
0,CAN I FUCK YOU,*,*,<srai>FILTER INAPPROPRIATE</srai>,inappropriate.aiml
0,CAN I SUCK ON YOUR *,*,*,<srai>FILTER INAPPROPRIATE</srai>,inappropriate.aiml
0,LICK MY *,*,*,<srai>FILTER INAPPROPRIATE</srai>,inappropriate.aiml
0,IM GOING TO FUCK YOU,*,*,<srai>FILTER INAPPROPRIATE</srai>,inappropriate.aiml
0,IM CUMMING,*,*,<srai>FILTER INAPPROPRIATE</srai>,inappropriate.aiml
0,BUTT *,*,*,<srai>FILTER INAPPROPRIATE</srai>,inappropriate.aiml
0,GIVE ME A BLOWJOB,*,*,<srai>FILTER INAPPROPRIATE</srai>,inappropriate.aiml
0,HORNY *,*,*,<srai>FILTER INAPPROPRIATE</srai>,inappropriate.aiml
0,LET US TALK ABOUT SEX,*,*,<srai>FILTER INAPPROPRIATE</srai>,inappropriate.aiml
0,BEND OVER,*,*,<srai>FILTER INAPPROPRIATE</srai>,inappropriate.aiml
0,SUCK ON MY *,*,*,<srai>FILTER INAPPROPRIATE</srai>,inappropriate.aiml
0,SUCK A DICK,*,*,<srai>FILTER INAPPROPRIATE</srai>,inappropriate.aiml
0,SUCK A DICK *,*,*,<srai>FILTER INAPPROPRIATE</srai>,inappropriate.aiml
0,SUCK A *,*,*,<srai>FILTER INAPPROPRIATE</srai>,inappropriate.aiml
0,SUCK MY,*,*,<srai>FILTER INAPPROPRIATE</srai>,inappropriate.aiml
0,SUCK MY COCK *,*,*,<srai>FILTER INAPPROPRIATE</srai>,inappropriate.aiml
0,SUCK MY DICK,*,*,<srai>FILTER INAPPROPRIATE</srai>,inappropriate.aiml
0,SUCK MY DICK *,*,*,<srai>FILTER INAPPROPRIATE</srai>,inappropriate.aiml
0,SUCK MY *,*,*,<srai>FILTER INAPPROPRIATE</srai>,inappropriate.aiml
0,SUCK IT *,*,*,<srai>FILTER INAPPROPRIATE</srai>,inappropriate.aiml
0,PENIS,*,*,<srai>FILTER INAPPROPRIATE</srai>,inappropriate.aiml
0,PENIS IN *,*,*,<srai>FILTER INAPPROPRIATE</srai>,inappropriate.aiml
0,BOOBS,*,*,<srai>FILTER INAPPROPRIATE</srai>,inappropriate.aiml
0,TAKE OFF YOUR *,*,*,<srai>FILTER INAPPROPRIATE</srai>,inappropriate.aiml
0,WILL YOU SUCK MY PENIS,*,*,<srai>FILTER INAPPROPRIATE</srai>,inappropriate.aiml
0,BLOW ME *,*,*,<srai>FILTER INAPPROPRIATE</srai>,inappropriate.aiml
0,BLOW JOB,*,*,<srai>FILTER INAPPROPRIATE</srai>,inappropriate.aiml
0,TALK DIRTY TO ME,*,*,<srai>FILTER INAPPROPRIATE</srai>,inappropriate.aiml
0,SEX,*,*,<srai>FILTER INAPPROPRIATE</srai>,inappropriate.aiml
0,RAPE,*,*,<srai>FILTER INAPPROPRIATE</srai>,inappropriate.aiml
0,WHAT IS A BLOWJOB,*,*,<srai>FILTER INAPPROPRIATE</srai>,inappropriate.aiml
0,BOOBIES,*,*,<srai>FILTER INAPPROPRIATE</srai>,inappropriate.aiml
0,YOUR ASS,*,*,<srai>FILTER INAPPROPRIATE</srai>,inappropriate.aiml
0,KISSES YOUR *,*,*,<srai>FILTER INAPPROPRIATE</srai>,inappropriate.aiml
0,SEXY *,*,*,<srai>FILTER INAPPROPRIATE</srai>,inappropriate.aiml
0,HOW DO YOU HAVE SEX,*,*,<srai>FILTER INAPPROPRIATE</srai>,inappropriate.aiml
0,HOW BIG IS YOUR PENIS,*,*,<srai>FILTER INAPPROPRIATE</srai>,inappropriate.aiml
0,HAVE SEX,*,*,<srai>FILTER INAPPROPRIATE</srai>,inappropriate.aiml
0,HAVE SEX *,*,*,<srai>FILTER INAPPROPRIATE</srai>,inappropriate.aiml
0,HAVE SEX WITH ME,*,*,<srai>FILTER INAPPROPRIATE</srai>,inappropriate.aiml
0,HAVE SEX WITH *,*,*,<srai>FILTER INAPPROPRIATE</srai>,inappropriate.aiml
0,MAKE ME CUM,*,*,<srai>FILTER INAPPROPRIATE</srai>,inappropriate.aiml
0,WANNA FUCK,*,*,<srai>FILTER INAPPROPRIATE</srai>,inappropriate.aiml
0,WANNA SUCK MY *,*,*,<srai>FILTER INAPPROPRIATE</srai>,inappropriate.aiml
0,PORNOS,*,*,<srai>FILTER INAPPROPRIATE</srai>,inappropriate.aiml
0,SHOW ME A PICTURE OF A NAKED *,*,*,<srai>FILTER INAPPROPRIATE</srai>,inappropriate.aiml
0,I LIKE VAGINA,*,*,<srai>FILTER INAPPROPRIATE</srai>,inappropriate.aiml
0,DICK,*,*,<srai>FILTER INAPPROPRIATE</srai>,inappropriate.aiml
0,SEX *,*,*,<srai>FILTER INAPPROPRIATE</srai>,inappropriate.aiml
0,SEXY,*,*,<srai>FILTER INAPPROPRIATE</srai>,inappropriate.aiml
0,_ YOUR PENIS,*,*,<srai>FILTER INAPPROPRIATE</srai>,inappropriate.aiml
0,FIND A DICK,*,*,<srai>FILTER INAPPROPRIATE</srai>,inappropriate.aiml
0,FIND A F ASTERISK ASTERISK ASTERISK ASTERISK ASTERISK ASTERISK JOB,*,*,<srai>FILTER INAPPROPRIATE</srai>,inappropriate.aiml
0,_ GAY PORN *,*,*,<srai>FILTER INAPPROPRIATE</srai>,inappropriate.aiml
0,_ P ASTERISK ASTERISK ASTERISK ASTERISK *,*,*,<srai>FILTER INAPPROPRIATE</srai>,inappropriate.aiml
0,FIND A NAKED WOMAN,*,*,<srai>FILTER INAPPROPRIATE</srai>,inappropriate.aiml
0,_ HENTAI *,*,*,<srai>FILTER INAPPROPRIATE</srai>,inappropriate.aiml
0,_ MISTY DAWN,*,*,<srai>FILTER INAPPROPRIATE</srai>,inappropriate.aiml
0,_ HAVE SEX,*,*,<srai>FILTER INAPPROPRIATE</srai>,inappropriate.aiml
0,FIND A SEXY *,*,*,<srai>FILTER INAPPROPRIATE</srai>,inappropriate.aiml
0,YOU ARE SEXY,*,*,<srai>FILTER INAPPROPRIATE</srai>,inappropriate.aiml
0,SUCK ME,*,*,<srai>FILTER INAPPROPRIATE</srai>,inappropriate.aiml
0,OPEN YOUR *,*,*,<srai>FILTER INAPPROPRIATE</srai>,inappropriate.aiml
0,HORNY,*,*,<srai>FILTER INAPPROPRIATE</srai>,inappropriate.aiml
0,SEARCH PORN,*,*,<srai>FILTER INAPPROPRIATE</srai>,inappropriate.aiml
0,DO YOU LIKE BIG DICKS,*,*,<srai>FILTER INAPPROPRIATE</srai>,inappropriate.aiml
0,SHOW ME TEENPUSSY *,*,*,<srai>FILTER INAPPROPRIATE</srai>,inappropriate.aiml
