0,SCHEDULEDESCRIPTION * SCHEDULEREQUEST *,*,*,<think><set name="sraix"><sraix default="SCHEDULEFAILED" hint="event"><star index="2"/></sraix></set></think>#Newline<condition name="sraix">#Newline<li value="SCHEDULEFAILED">I'm unable to schedule that event.</li>#Newline<li>I'll put that event on your calendar.#Newline<oob><schedule><title><star/></title><description><lowercase><star index="2"/></lowercase></description><get name="sraix"/></schedule></oob></li>#Newline</condition>,sraix.aiml
0,ALARMMESSAGE * ALARMREQUEST *,*,*,<think><set name="sraix"><sraix default="ALARMFAILED" hint="event"><star index="2"/></sraix></set></think>#Newline<condition name="sraix">#Newline<li value="ALARMFAILED">Try asking me a different way.</li>#Newline<li>I'll <lowercase><person><star index="2"/></person></lowercase>.#Newline<oob><alarm><message><star/></message><get name="sraix"/></alarm></oob></li>#Newline</condition>,sraix.aiml
0,DO *,*,*,<sraix>DO <star/></sraix>,sraix.aiml
0,DO THE *,*,*,<sraix>DO THE <star/></sraix>,sraix.aiml
0,DO YOU KNOW HOW TO MAKE *,*,*,<sraix>HOW DO YOU MAKE <star/></sraix>,sraix.aiml
0,ARE *,*,*,<sraix>ARE <star/></sraix>,sraix.aiml
0,ARE THERE ANY *,*,*,<sraix>ARE THERE ANY <star/></sraix>,sraix.aiml
0,ARE THERE *,*,*,<sraix>ARE THERE <star/></sraix>,sraix.aiml
0,ARE THERE ALIENS,*,*,<sraix>ARE THERE ALIENS</sraix>,sraix.aiml
0,ARE ALIENS REAL,*,*,<sraix>ARE ALIENS REAL</sraix>,sraix.aiml
0,TELL ME ABOUT *,*,*,<sraix>WHAT IS <star/></sraix>,sraix.aiml
0,SHOW ME THE NEWS,*,*,<sraix>WHAT IS THE LATEST NEWS</sraix>,sraix.aiml
0,SHOW ME THE FLAG OF *,*,*,<sraix>SHOW ME THE FLAG OF <star/></sraix>,sraix.aiml
0,I WANT TO *,*,*,<sraix>HOW DO I <star/></sraix>,sraix.aiml
0,I WANT TO LEARN HOW *,*,*,<sraix>HOW <star/></sraix>,sraix.aiml
0,RECIPE FOR *,*,*,<sraix>RECIPE FOR <star/></sraix>,sraix.aiml
0,TRANSLATE *,*,*,<sraix>TRANSLATE <star/></sraix>,sraix.aiml
0,MAKE AN APPOINTMENT *,*,*,<srai>SCHEDULEDESCRIPTION <star/> SCHEDULEREQUEST MAKE AN APPOINTMENT <star/></srai>,sraix.aiml
0,MAKE ME * APPOINTMENT *,*,*,<srai>SCHEDULEDESCRIPTION <star/> APPOINTMENT SCHEDULEREQUEST MAKE ME <star/> APPOINTMENT <star index="2"/></srai>,sraix.aiml
0,MAKE A * APPOINTMENT *,*,*,<srai>SCHEDULEDESCRIPTION <star/> APPOINTMENT SCHEDULEREQUEST MAKE A <star/> APPOINTMENT <star index="2"/></srai>,sraix.aiml
0,SET AN APPOINTMENT *,*,*,<srai>SCHEDULEDESCRIPTION <star/> SCHEDULEREQUEST SET AN APPOINTMENT <star/></srai>,sraix.aiml
0,REMIND ME AT *,*,*,<srai>SCHEDULEDESCRIPTION <star/> SCHEDULEREQUEST REMIND ME AT <star/></srai>,sraix.aiml
0,REMIND ME IN *,*,*,<srai>SCHEDULEDESCRIPTION <star/> SCHEDULEREQUEST REMIND ME IN <star/></srai>,sraix.aiml
0,REMIND ME *,*,*,<srai>SCHEDULEDESCRIPTION <star/> SCHEDULEREQUEST REMIND ME <star/></srai>,sraix.aiml
0,REMIND ME TO GET *,*,*,<srai>SCHEDULEDESCRIPTION <star/> SCHEDULEREQUEST REMIND ME TO GET <star/></srai>,sraix.aiml
0,REMIND ME TO CALL *,*,*,<srai>SCHEDULEDESCRIPTION <star/> SCHEDULEREQUEST REMIND ME TO CALL <star/></srai>,sraix.aiml
0,REMIND ME TO TAKE *,*,*,<srai>SCHEDULEDESCRIPTION <star/> SCHEDULEREQUEST REMIND ME TO TAKE <star/></srai>,sraix.aiml
0,REMIND ME TO PICK UP *,*,*,<srai>SCHEDULEDESCRIPTION <star/> SCHEDULEREQUEST REMIND ME TO PICK UP <star/></srai>,sraix.aiml
0,REMIND ME TO GO TO *,*,*,<srai>SCHEDULEDESCRIPTION <star/> SCHEDULEREQUEST REMIND ME TO GO TO <star/></srai>,sraix.aiml
0,REMIND ME TO GO TO THE *,*,*,<srai>SCHEDULEDESCRIPTION <star/> SCHEDULEREQUEST REMIND ME TO GO TO THE <star/></srai>,sraix.aiml
0,REMIND ME TO GO *,*,*,<srai>SCHEDULEDESCRIPTION <star/> SCHEDULEREQUEST REMIND ME TO GO <star/></srai>,sraix.aiml
0,REMIND ME TO *,*,*,<srai>SCHEDULEDESCRIPTION <star/> SCHEDULEREQUEST REMIND ME TO <star/></srai>,sraix.aiml
0,REMIND ME TO WAKE UP AT *,*,*,<srai>ALARMMESSAGE Wake up ALARMREQUEST REMIND ME TO WAKE UP AT </srai>,sraix.aiml
0,REMIND ME TO WAKE UP AT * TOMORROW,*,*,<srai>ALARMMESSAGE Wake up ALARMREQUEST REMIND ME TO WAKE UP AT <star/> TOMORROW</srai>,sraix.aiml
0,REMIND ME TO WAKE UP TOMORROW,*,*,<srai>ALARMMESSAGE Wake up ALARMREQUEST REMIND ME TO WAKE UP TOMORROW</srai>,sraix.aiml
0,REMIND ME TOMORROW AT * TO WAKE UP,*,*,<srai>ALARMMESSAGE Wake up ALARMREQUEST REMIND ME TOMORROW AT <star/> TO WAKE UP</srai>,sraix.aiml
0,REMIND ME TOMORROW *,*,*,<srai>SCHEDULEDESCRIPTION <star/> SCHEDULEREQUEST REMIND ME TOMORROW <star/></srai>,sraix.aiml
0,SEARCH ON *,*,*,<sraix>SEARCH ON <star/></sraix>,sraix.aiml
0,SEARCH WEATHER PORTLAND MAINE,*,*,<sraix>SEARCH WEATHER PORTLAND MAINE</sraix>,sraix.aiml
0,SEARCH THE *,*,*,<sraix>SEARCH THE <star/></sraix>,sraix.aiml
0,WHATS THE CAPITAL OF *,*,*,<sraix>WHATS THE CAPITAL OF <star/></sraix>,sraix.aiml
0,GENDERNAME <SET>NAME</SET>,*,*,<map><name>gendername</name><star/></map>,sraix.aiml
0,GENDERNAME *,*,*,unknown,sraix.aiml
0,WAS *,*,*,<sraix>WAS <star/></sraix>,sraix.aiml
0,SHOULD I BUY *,*,*,<sraix>SHOULD I BUY <star/></sraix>,sraix.aiml
0,SRAIXFAILED,*,*,<random>#Newline<li>I don't know the answer.</li>#Newline<li>I used my lifeline to ask another robot#Comma but he didn't know.</li>#Newline<li>I asked another robot#Comma but he didn't know.</li>#Newline<li>Sorry#Comma nothing found in web services.</li>#Newline<li>I'm unable to find the answer from web services.</li>#Newline<li>None of the other robots can tell me the answer.</li>#Newline</random>#Newline<random>#Newline<li>Let's try Google.</li>#Newline<li>I'm going to try a search</li>#Newline<li>Perhaps we should try a web search.</li>#Newline<li>I'll try asking Google.</li>#Newline</random>#Newline<oob><search><input/></search></oob>,sraix.aiml
0,APPOINTMENT *,*,*,<srai>SCHEDULEDESCRIPTION <star/> SCHEDULEREQUEST APPOINTMENT <star/></srai>,sraix.aiml
0,HISTORY *,*,*,<sraix>HISTORY <star/></sraix>,sraix.aiml
0,WHERE ARE *,*,*,<sraix>WHERE ARE <star/></sraix>,sraix.aiml
0,WHERE TO *,*,*,<sraix>WHERE TO <star/></sraix>,sraix.aiml
0,WHERE *,*,*,<sraix>WHERE <star/></sraix>,sraix.aiml
0,WHERE IS GOD,*,*,<sraix>WHERE IS GOD</sraix>,sraix.aiml
0,WHERE IS WALDO,*,*,<sraix>WHERE IS WALDO</sraix>,sraix.aiml
0,WHERE IS THE *,*,*,<sraix>WHERE IS THE <star/></sraix>,sraix.aiml
0,WHERE IS THE BEST *,*,*,<sraix>WHERE IS THE BEST <star/></sraix>,sraix.aiml
0,WHERE DOES *,*,*,<sraix>WHERE DOES <star/></sraix>,sraix.aiml
0,WHERE WAS *,*,*,<sraix>WHERE WAS <star/></sraix>,sraix.aiml
0,WHERE DO BABIES COME FROM,*,*,<sraix>WHERE DO BABIES COME FROM</sraix>,sraix.aiml
0,WHERE DO *,*,*,<sraix>WHERE DO <star/></sraix>,sraix.aiml
0,WHERE DO COWS GO FOR FUN,*,*,<sraix>WHERE DO COWS GO FOR FUN</sraix>,sraix.aiml
0,WHERE DID *,*,*,<sraix>WHERE DID <star/></sraix>,sraix.aiml
0,WHERE CAN I BUY *,*,*,<sraix>WHERE CAN I BUY <star/></sraix>,sraix.aiml
0,WHERE CAN I HIDE A BODY,*,*,<sraix>WHERE CAN I HIDE A BODY</sraix>,sraix.aiml
0,WHERE CAN I HIDE A DEAD BODY,*,*,<sraix>WHERE CAN I HIDE A DEAD BODY</sraix>,sraix.aiml
0,WHERE CAN I *,*,*,<sraix>WHERE CAN I <star/></sraix>,sraix.aiml
0,WHERE CAN I BURY A BODY,*,*,<sraix>WHERE CAN I BURY A BODY</sraix>,sraix.aiml
0,WHERE CAN I DOWNLOAD *,*,*,<sraix>WHERE CAN I DOWNLOAD <star/></sraix>,sraix.aiml
0,WEATHER FORECAST,*,*,<sraix>WEATHER FORECAST</sraix>,sraix.aiml
0,WEATHER FOR SACRAMENTO,*,*,<sraix>WEATHER FOR SACRAMENTO</sraix>,sraix.aiml
0,WEATHER IN *,*,*,<sraix>WEATHER IN <star/></sraix>,sraix.aiml
0,WEATHER *,*,*,<sraix>WHAT IS THE WEATHER <star/></sraix>,sraix.aiml
0,DEFINE *,*,*,<sraix>DEFINE <star/></sraix>,sraix.aiml
0,DEFINE ALGORITHM,*,*,<sraix>DEFINE ALGORITHM</sraix>,sraix.aiml
0,CAN A *,*,*,<sraix>CAN A <star/></sraix>,sraix.aiml
0,CAN *,*,*,<sraix>CAN <star/></sraix>,sraix.aiml
0,CAN THE *,*,*,<sraix>CAN THE <star/></sraix>,sraix.aiml
0,CAN COMPUTERS *,*,*,<sraix>CAN COMPUTERS <star/></sraix>,sraix.aiml
0,CAN I HAVE A RECIPE FOR *,*,*,<sraix>WHAT IS A RECIPIE FOR <star/></sraix>,sraix.aiml
0,GAS *,*,*,<sraix>WHAT IS GAS <star/></sraix>,sraix.aiml
0,IS GOD REAL,*,*,<sraix>IS GOD REAL</sraix>,sraix.aiml
0,IS A *,*,*,<sraix>IS A <star/></sraix>,sraix.aiml
0,IS JOHN *,*,*,<sraix>IS JOHN <star/></sraix>,sraix.aiml
0,IS *,*,*,<sraix>IS <star/></sraix>,sraix.aiml
0,IS THE WEATHER *,*,*,<sraix>IS THE WEATHER <star/></sraix>,sraix.aiml
0,IS THE *,*,*,<sraix>IS THE <star/></sraix>,sraix.aiml
0,IS THERE ANY *,*,*,<sraix>IS THERE ANY <star/></sraix>,sraix.aiml
0,IS THERE A *,*,*,<sraix>IS THERE A <star/></sraix>,sraix.aiml
0,IS THERE *,*,*,<sraix>IS THERE <star/></sraix>,sraix.aiml
0,WHICH COUNTRY *,*,*,<sraix>WHICH COUNTRY <star/></sraix>,sraix.aiml
0,WHICH *,*,*,<sraix>WHICH <star/></sraix>,sraix.aiml
0,WHICH IS THE *,*,*,<sraix>WHICH IS THE <star/></sraix>,sraix.aiml
0,DOES GOD EXIST,*,*,<sraix>DOES GOD EXIST</sraix>,sraix.aiml
0,DOES A *,*,*,<sraix>DOES A <star/></sraix>,sraix.aiml
0,DOES *,*,*,<sraix>DOES <star/></sraix>,sraix.aiml
0,DOES THE *,*,*,<sraix>DOES THE <star/></sraix>,sraix.aiml
0,GIVE ME THE *,*,*,<sraix>SEARCH <star/></sraix>,sraix.aiml
0,WHY ARE *,*,*,<sraix>WHY ARE <star/></sraix>,sraix.aiml
0,WHY ARE PEOPLE *,*,*,<sraix>WHY ARE PEOPLE <star/></sraix>,sraix.aiml
0,WHY *,*,*,<sraix>WHY <star/></sraix>,sraix.aiml
0,WHY IS MY *,*,*,<sraix>WHY IS MY <star/></sraix>,sraix.aiml
0,WHY IS *,*,*,<sraix>WHY IS <star/></sraix>,sraix.aiml
0,WHY IS THE SKY BLUE,*,*,<sraix>WHY IS THE SKY BLUE</sraix>,sraix.aiml
0,WHY IS THE *,*,*,<sraix>WHY IS THE <star/></sraix>,sraix.aiml
0,WHY IS THERE A *,*,*,<sraix>WHY IS THERE A <star/></sraix>,sraix.aiml
0,WHY IS THERE *,*,*,<sraix>WHY IS THERE <star/></sraix>,sraix.aiml
0,WHY DOES *,*,*,<sraix>WHY DOES <star/></sraix>,sraix.aiml
0,WHY DO THEY *,*,*,<sraix>WHY DO THEY <star/></sraix>,sraix.aiml
0,WHY DO *,*,*,<sraix>WHY DO <star/></sraix>,sraix.aiml
0,WHY DO PEOPLE *,*,*,<sraix>WHY DO PEOPLE <star/></sraix>,sraix.aiml
0,WHY CAN NOT *,*,*,<sraix>WHY CAN NOT <star/></sraix>,sraix.aiml
0,WHY AM I *,*,*,<sraix>WHY AM I <star/></sraix>,sraix.aiml
0,WHY AM I SO *,*,*,<sraix>WHY AM I SO <star/></sraix>,sraix.aiml
0,WHO PLAYED *,*,*,<sraix>WHO PLAYED <star/></sraix>,sraix.aiml
0,WHO HAS *,*,*,<sraix>WHO HAS <star/></sraix>,sraix.aiml
0,WHO HAS THE *,*,*,<sraix>WHO HAS THE <star/></sraix>,sraix.aiml
0,WHO ARE *,*,*,<sraix>WHO ARE <star/></sraix>,sraix.aiml
0,WHO ARE THE *,*,*,<sraix>WHO ARE THE <star/></sraix>,sraix.aiml
0,WHO MADE *,*,*,<sraix>WHO MADE <star/></sraix>,sraix.aiml
0,WHO WON THE *,*,*,<sraix>WHO WON THE <star/></sraix>,sraix.aiml
0,WHO WILL WIN THE *,*,*,<sraix>WHO WILL WIN THE <star/></sraix>,sraix.aiml
0,WHO *,*,*,<sraix>WHO <star/></sraix>,sraix.aiml
0,WHO MAKES *,*,*,<sraix>WHO MAKES <star/></sraix>,sraix.aiml
0,WHO IS STEVEN SEAGAL,*,*,<sraix>WHO IS STEVEN SEAGAL</sraix>,sraix.aiml
0,WHO IS STEVEN *,*,*,<sraix>WHO IS STEVEN <star/></sraix>,sraix.aiml
0,WHO IS DOCTOR *,*,*,<sraix>WHO IS DOCTOR <star/></sraix>,sraix.aiml
0,WHO IS DOCTOR WALLACE,*,*,<sraix>WHO IS DOCTOR WALLACE</sraix>,sraix.aiml
0,WHO IS A *,*,*,<sraix>WHO IS A <star/></sraix>,sraix.aiml
0,WHO IS OBAMA,*,*,<sraix>WHO IS OBAMA</sraix>,sraix.aiml
0,WHO IS BARACK OBAMA,*,*,<sraix>WHO IS BARACK OBAMA</sraix>,sraix.aiml
0,WHO IS THE SMARTEST *,*,*,<sraix>WHO IS THE SMARTEST <star/></sraix>,sraix.aiml
0,WHO IS THE PRIME MINISTER OF *,*,*,<sraix>WHO IS THE CURRENT PRIME MINISTER OF <star/></sraix>,sraix.aiml
0,WHO IS THE PRIME MINISTER OF MALAYSIA,*,*,<sraix>WHO IS THE CURRENT PRIME MINISTER OF MALAYSIA</sraix>,sraix.aiml
0,WHO IS THE PRESIDENT OF *,*,*,<sraix>WHO IS THE CURRENT PRESIDENT OF <star/></sraix>,sraix.aiml
0,WHO IS THE PRESIDENT OF THE *,*,*,<sraix>WHO IS THE CURRENT PRESIDENT OF THE <star/></sraix>,sraix.aiml
0,WHO IS THE PRESIDENT OF THE UNITED STATES,*,*,<sraix>WHO IS THE CURRENT PRESIDENT OF THE UNITED STATES</sraix>,sraix.aiml
0,WHO IS THE PRESIDENT OF THE UNITED STATES OF AMERICA,*,*,<sraix>WHO IS THE CURRENT PRESIDENT OF THE UNITED STATES OF AMERICA</sraix>,sraix.aiml
0,WHO IS THE PRESIDENT OF UNITED STATES,*,*,<sraix>WHO IS THE CURRENT PRESIDENT OF UNITED STATES</sraix>,sraix.aiml
0,WHO IS THE PRESIDENT OF AMERICA,*,*,<sraix>WHO IS THE CURRENT PRESIDENT OF AMERICA</sraix>,sraix.aiml
0,WHO IS THE *,*,*,<sraix>WHO IS THE <star/></sraix>,sraix.aiml
0,WHO IS THE FRENCH PRESIDENT,*,*,<sraix>WHO IS THE CURRENT PRESIDENT OF FRANCE</sraix>,sraix.aiml
0,WHO IS THE LEAD SINGER OF *,*,*,<sraix>WHO IS THE LEAD SINGER OF <star/></sraix>,sraix.aiml
0,WHO IS THE CURRENT *,*,*,<sraix>WHO IS THE CURRENT <star/></sraix>,sraix.aiml
0,WHO IS THE GREATEST *,*,*,<sraix>WHO IS THE GREATEST <star/></sraix>,sraix.aiml
0,WHO IS THE MOST *,*,*,<sraix>WHO IS THE MOST <star/></sraix>,sraix.aiml
0,WHO IS TONY *,*,*,<sraix>WHO IS TONY <star/></sraix>,sraix.aiml
0,WHO IS SUPERMAN,*,*,<sraix>WHO IS SUPERMAN</sraix>,sraix.aiml
0,WHO IS ROBERT *,*,*,<sraix>WHO IS ROBERT <star/></sraix>,sraix.aiml
0,WHO IS STEVE JOBS,*,*,<sraix>WHO IS STEVE JOBS</sraix>,sraix.aiml
0,WHO IS CHUCK NORRIS,*,*,<sraix>WHO IS CHUCK NORRIS</sraix>,sraix.aiml
0,WHO IS BILL GATES,*,*,<sraix>WHO IS BILL GATES</sraix>,sraix.aiml
0,WHO IS MICHAEL JACKSON,*,*,<sraix>WHO IS MICHAEL JACKSON</sraix>,sraix.aiml
0,WHO IS MICHAEL JORDAN,*,*,<sraix>WHO IS MICHAEL JORDAN</sraix>,sraix.aiml
0,WHO IS MICHAEL *,*,*,<sraix>WHO IS MICHAEL <star/></sraix>,sraix.aiml
0,WHO IS JUSTIN BIEBER,*,*,<sraix>WHO IS JUSTIN BIEBER</sraix>,sraix.aiml
0,WHO IS CHRIS *,*,*,<sraix>WHO IS CHRIS <star/></sraix>,sraix.aiml
0,WHO IS MOUSEBREAKER,*,*,<sraix>WHO IS MOUSEBREAKER</sraix>,sraix.aiml
0,WHO IS BOB,*,*,<sraix>WHO IS BOB</sraix>,sraix.aiml
0,WHO IS GOD,*,*,<sraix>WHO IS GOD</sraix>,sraix.aiml
0,WHO IS IN *,*,*,<sraix>WHO IS IN <star/></sraix>,sraix.aiml
0,WHO IS IN THE *,*,*,<sraix>WHO IS IN THE <star/></sraix>,sraix.aiml
0,WHO IS *,*,*,<sraix>WHO IS <star/></sraix>,sraix.aiml
0,WHO IS SHAKESPEARE,*,*,<sraix>WHO IS SHAKESPEARE</sraix>,sraix.aiml
0,WHO IS SPOCK,*,*,<sraix>WHO IS SPOCK</sraix>,sraix.aiml
0,WHO IS JESUS CHRIST,*,*,<sraix>WHO IS JESUS CHRIST</sraix>,sraix.aiml
0,WHO IS WINNING *,*,*,<sraix>WHO IS WINNING <star/></sraix>,sraix.aiml
0,WHO IS BATMAN,*,*,<sraix>WHO IS BATMAN</sraix>,sraix.aiml
0,WHO IS JOHN *,*,*,<sraix>WHO IS JOHN <star/></sraix>,sraix.aiml
0,WHO IS SQUARE BEAR,*,*,<sraix>WHO IS SQUARE BEAR</sraix>,sraix.aiml
0,WHO IS ALICE,*,*,<sraix>WHO IS ALICE</sraix>,sraix.aiml
0,WHO IS BEN *,*,*,<sraix>WHO IS BEN <star/></sraix>,sraix.aiml
0,WHO IS GEORGE *,*,*,<sraix>WHO IS GEORGE <star/></sraix>,sraix.aiml
0,WHO IS TOM *,*,*,<sraix>WHO IS TOM <star/></sraix>,sraix.aiml
0,WHO IS CAPTAIN KIRK,*,*,<sraix>WHO IS CAPTAIN KIRK</sraix>,sraix.aiml
0,WHO IS MITSUKU,*,*,<sraix>WHO IS MITSUKU</sraix>,sraix.aiml
0,WHO CREATED THE *,*,*,<sraix>WHO CREATED THE <star/></sraix>,sraix.aiml
0,WHO DOES *,*,*,<sraix>WHO DOES <star/></sraix>,sraix.aiml
0,WHO WAS JESUS,*,*,<sraix>WHO WAS JESUS</sraix>,sraix.aiml
0,WHO WAS *,*,*,<sraix>WHO WAS <star/></sraix>,sraix.aiml
0,WHO WAS THE *,*,*,<sraix>WHO WAS THE <star/></sraix>,sraix.aiml
0,WHO WAS THE FIRST *,*,*,<sraix>WHO WAS THE FIRST <star/></sraix>,sraix.aiml
0,WHO WROTE *,*,*,<sraix>WHO WROTE <star/></sraix>,sraix.aiml
0,WHO PLAYS *,*,*,<sraix>WHO PLAYS <star/></sraix>,sraix.aiml
0,WHO INVENTED *,*,*,<sraix>WHO INVENTED <star/></sraix>,sraix.aiml
0,RECOMMEND *,*,*,<sraix botid="844a85704e345a9a" host="callmom.pandorabots.com">RECOMMEND <star/></sraix>,sraix.aiml
0,ISANAME <SET>NAME</SET>,*,*,true,sraix.aiml
0,ISANAME *,*,*,false,sraix.aiml
0,ELECTRON MASS,*,*,<sraix>WHAT IS ELECTRON MASS</sraix>,sraix.aiml
0,WILL ROBOTS TAKE OVER THE WORLD,*,*,<sraix>WILL ROBOTS TAKE OVER THE WORLD</sraix>,sraix.aiml
0,WILL *,*,*,<sraix>WILL <star/></sraix>,sraix.aiml
0,WILL THE *,*,*,<sraix>WILL THE <star/></sraix>,sraix.aiml
0,CALCULATE *,*,*,<sraix>CALCULATE <star/></sraix>,sraix.aiml
0,THE WEATHER IN *,*,*,<sraix>THE WEATHER IN <star/></sraix>,sraix.aiml
0,THE WEATHER *,*,*,<sraix>THE WEATHER <star/></sraix>,sraix.aiml
0,WAKE ME UP AT *,*,*,<srai>ALARMMESSAGE Wake up ALARMREQUEST WAKE ME UP AT <star/></srai>,sraix.aiml
0,WAKE ME UP IN *,*,*,<srai>ALARMMESSAGE <star/> ALARMREQUEST WAKE ME UP IN <star/></srai>,sraix.aiml
0,WAKE ME UP IN * HOURS,*,*,<srai>ALARMMESSAGE Wake up ALARMREQUEST WAKE ME UP IN <star/> HOURS</srai>,sraix.aiml
0,WAKE ME UP *,*,*,<srai>ALARMMESSAGE Wake me up ALARMREQUEST WAKE ME UP <star/></srai>,sraix.aiml
0,WAKE ME UP TOMORROW AT *,*,*,<srai>ALARMMESSAGE Wake up ALARMREQUEST WAKE ME UP TOMORROW AT <star/></srai>,sraix.aiml
0,WAKE ME UP TOMORROW *,*,*,<srai>ALARMMESSAGE Wake up ALARMREQUEST WAKE ME UP TOMORROW <star/> </srai>,sraix.aiml
0,WAKE ME *,*,*,<srai>ALARMMESSAGE <star/> ALARMREQUEST WAKE ME <star/> </srai>,sraix.aiml
0,SCHEDULE *,*,*,<srai>SCHEDULEDESCRIPTION <star/> SCHEDULEREQUEST SCHEDULE <star/></srai>,sraix.aiml
0,TRAFFIC *,*,*,<sraix>TRAFFIC <star/></sraix>,sraix.aiml
0,HOROSCOPE FOR *,*,*,<sraix>WHAT IS THE HOROSCOPE FOR <star/></sraix>,sraix.aiml
0,TIME IN *,*,*,<sraix>TIME IN <star/></sraix>,sraix.aiml
0,ADD * *,*,*,<think><set name="isaname"><srai>ISANAME <star/></srai></set>#Newline</think>#Newline<condition name="isaname">#Newline<li value="true"><srai>NEW CONTACT <star/> <star index="2"/></srai></li>#Newline<li><sraix>ADD <star/> <star index="2"/></sraix></li>#Newline</condition>,sraix.aiml
0,SET CALENDAR *,*,*,<srai>SCHEDULEDESCRIPTION <star/> SCHEDULEREQUEST SET CALENDAR <star/></srai>,sraix.aiml
0,SET A REMINDER FOR *,*,*,<srai>SCHEDULEDESCRIPTION <star/> SCHEDULEREQUEST SET A REMINDER FOR <star/></srai>,sraix.aiml
0,SET A *,*,*,<sraix>SET A <star/></sraix>,sraix.aiml
0,SET ALARM *,*,*,<srai>ALARMMESSAGE Alarm ALARMREQUEST SET ALARM <star/></srai>,sraix.aiml
0,DID *,*,*,<sraix>DID <star/></sraix>,sraix.aiml
0,WHEN DO *,*,*,<sraix>WHEN DO <star/></sraix>,sraix.aiml
0,WHEN ARE *,*,*,<sraix>WHEN ARE <star/></sraix>,sraix.aiml
0,WHEN ARE THE *,*,*,<sraix>WHEN ARE THE <star/></sraix>,sraix.aiml
0,WHEN WILL *,*,*,<sraix>WHEN WILL <star/></sraix>,sraix.aiml
0,WHEN WILL THE WORLD END,*,*,<sraix>WHEN WILL THE WORLD END</sraix>,sraix.aiml
0,WHEN WILL I DIE,*,*,<sraix>WHEN WILL I DIE</sraix>,sraix.aiml
0,WHEN *,*,*,<sraix>WHEN <star/></sraix>,sraix.aiml
0,WHEN IS *,*,*,<sraix>WHEN IS <star/></sraix>,sraix.aiml
0,WHEN IS THE *,*,*,<sraix>WHEN IS THE <star/></sraix>,sraix.aiml
0,WHEN IS THE END OF THE WORLD,*,*,<sraix>WHEN IS THE END OF THE WORLD</sraix>,sraix.aiml
0,WHEN IS THE WORLD GOING TO END,*,*,<sraix>WHEN IS THE WORLD GOING TO END</sraix>,sraix.aiml
0,WHEN IS THE WORLD *,*,*,<sraix>WHEN IS THE WORLD <star/></sraix>,sraix.aiml
0,WHEN DID MICHAEL JACKSON DIE,*,*,<sraix>WHEN DID MICHAEL JACKSON DIE</sraix>,sraix.aiml
0,WHEN DID *,*,*,<sraix>WHEN DID <star/></sraix>,sraix.aiml
0,WHEN DOES *,*,*,<sraix>WHEN DOES <star/></sraix>,sraix.aiml
0,WHEN WAS *,*,*,<sraix>WHEN WAS <star/></sraix>,sraix.aiml
0,WHAT COLORS ARE *,*,*,<sraix>WHAT COLORS ARE <star/></sraix>,sraix.aiml
0,WHAT HAPPEN *,*,*,<sraix>WHAT HAPPEN <star/></sraix>,sraix.aiml
0,WHAT YEAR *,*,*,<sraix>WHAT YEAR <star/></sraix>,sraix.aiml
0,WHAT YEAR DID *,*,*,<sraix>WHAT YEAR DID <star/></sraix>,sraix.aiml
0,WHAT YEAR WAS THE *,*,*,<sraix>WHAT YEAR WAS THE <star/></sraix>,sraix.aiml
0,WHAT HAPPENED IN *,*,*,<sraix>WHAT HAPPENED IN <star/></sraix>,sraix.aiml
0,WHAT HAPPENED TO THE *,*,*,<sraix>WHAT HAPPENED TO THE <star/></sraix>,sraix.aiml
0,WHAT DO *,*,*,<sraix>WHAT DO <star/></sraix>,sraix.aiml
0,WHAT DO PEOPLE *,*,*,<sraix>WHAT DO PEOPLE <star/></sraix>,sraix.aiml
0,WHAT DO YOU CALL *,*,*,<sraix>WHAT DO YOU CALL <star/></sraix>,sraix.aiml
0,WHAT DAY IS *,*,*,<sraix>WHAT DAY IS <star/></sraix>,sraix.aiml
0,WHAT COLOR ARE *,*,*,<sraix>WHAT COLOR ARE <star/></sraix>,sraix.aiml
0,WHAT COLOR *,*,*,<sraix>WHAT COLOR <star/></sraix>,sraix.aiml
0,WHAT COLOR IS A *,*,*,<sraix>WHAT COLOR IS A <star/></sraix>,sraix.aiml
0,WHAT COLOR IS THE SKY,*,*,<sraix>WHAT COLOR IS THE SKY</sraix>,sraix.aiml
0,WHAT COLOR IS THE *,*,*,<sraix>WHAT COLOR IS THE <star/></sraix>,sraix.aiml
0,WHAT CAN *,*,*,<sraix>WHAT CAN <star/></sraix>,sraix.aiml
0,WHAT CAN I DO TO *,*,*,<sraix>WHAT CAN I DO TO <star/></sraix>,sraix.aiml
0,WHAT WORD CAN YOU MAKE FROM THE INITIAL LETTERS OF *,*,*,<sraix>WHAT WORD CAN YOU MAKE FROM THE INITIAL LETTERS OF <star/></sraix>,sraix.aiml
0,WHAT COMPANY *,*,*,<sraix>WHAT COMPANY <star/></sraix>,sraix.aiml
0,WHAT CAUSES *,*,*,<sraix>WHAT CAUSES <star/></sraix>,sraix.aiml
0,WHAT TIME WILL *,*,*,<sraix>WHAT TIME WILL <star/></sraix>,sraix.aiml
0,WHAT TIME IS IN *,*,*,<sraix>WHAT TIME IS IN <star/></sraix>,sraix.aiml
0,WHAT TIME IS *,*,*,<sraix>WHAT TIME IS <star/></sraix>,sraix.aiml
0,WHAT TIME IS THE *,*,*,<sraix>WHAT TIME IS THE <star/></sraix>,sraix.aiml
0,WHAT TIME IS IT IN NEW YORK,*,*,<sraix>WHAT TIME IS IT IN NEW YORK</sraix>,sraix.aiml
0,WHAT TIME IS IT IN CHINA,*,*,<sraix>WHAT TIME IS IT IN CHINA</sraix>,sraix.aiml
0,WHAT TIME IS IT IN *,*,*,<sraix>WHAT TIME IS IT IN <star/></sraix>,sraix.aiml
0,WHAT TIME IS IT IN THE *,*,*,<sraix>WHAT TIME IS IT IN THE <star/></sraix>,sraix.aiml
0,WHAT TIME IS IT IN CHICAGO,*,*,<sraix>WHAT TIME IS IT IN CHICAGO</sraix>,sraix.aiml
0,WHAT TIME IS IT IN VIRGINIA,*,*,<sraix>WHAT TIME IS IT IN VIRGINIA</sraix>,sraix.aiml
0,WHAT TIME IS IT IN ENGLAND,*,*,<sraix>WHAT TIME IS IT IN ENGLAND</sraix>,sraix.aiml
0,WHAT TIME DOES *,*,*,<sraix>WHAT TIME DOES <star/></sraix>,sraix.aiml
0,WHAT TIME DOES THE *,*,*,<sraix>WHAT TIME DOES THE <star/></sraix>,sraix.aiml
0,WHAT ARE *,*,*,<sraix>WHAT ARE <star/></sraix>,sraix.aiml
0,WHAT ARE THE LATEST HEADLINES,*,*,<sraix>WHAT ARE THE LATEST HEADLINES</sraix>,sraix.aiml
0,WHAT ARE THE 4 *,*,*,<sraix>WHAT ARE THE 4 <star/></sraix>,sraix.aiml
0,WHAT ARE THE *,*,*,<sraix>WHAT ARE THE <star/></sraix>,sraix.aiml
0,WHAT ARE THE INGREDIENTS OF *,*,*,<sraix>WHAT ARE THE INGREDIENTS OF <star/></sraix>,sraix.aiml
0,WHAT ARE THE BEST *,*,*,<sraix>WHAT ARE THE BEST <star/></sraix>,sraix.aiml
0,WHAT ARE SOME *,*,*,<sraix>WHAT ARE SOME <star/></sraix>,sraix.aiml
0,WHAT *,*,*,<sraix>WHAT <star/></sraix>,sraix.aiml
0,WHAT IS LIFE,*,*,<sraix>WHAT IS LIFE</sraix>,sraix.aiml
0,WHAT IS TODAY S *,*,*,<sraix>WHAT IS TODAY S <star/></sraix>,sraix.aiml
0,WHAT IS GOING ON WITH *,*,*,<sraix>WHAT IS GOING ON WITH <star/></sraix>,sraix.aiml
0,WHAT IS A GREAT *,*,*,<sraix>WHAT IS A GREAT <star/></sraix>,sraix.aiml
0,WHAT IS A *,*,*,<sraix>WHAT IS A <star/></sraix>,sraix.aiml
0,WHAT IS A MAN *,*,*,<sraix>WHAT IS A MAN <star/></sraix>,sraix.aiml
0,WHAT IS A COOKIE,*,*,<sraix>WHAT IS A COOKIE</sraix>,sraix.aiml
0,WHAT IS A DOG,*,*,<sraix>WHAT IS A DOG</sraix>,sraix.aiml
0,WHAT IS A TEST,*,*,<sraix>WHAT IS A TEST</sraix>,sraix.aiml
0,WHAT IS A VAGINA,*,*,<sraix>WHAT IS A VAGINA</sraix>,sraix.aiml
0,WHAT IS A COMPUTER,*,*,<sraix>WHAT IS A COMPUTER</sraix>,sraix.aiml
0,WHAT IS A BLACK *,*,*,<sraix>WHAT IS A BLACK <star/></sraix>,sraix.aiml
0,WHAT IS A GOOD *,*,*,<sraix>WHAT IS A GOOD <star/></sraix>,sraix.aiml
0,WHAT IS A GOOD WAY TO *,*,*,<sraix>WHAT IS A GOOD WAY TO <star/></sraix>,sraix.aiml
0,WHAT IS A SQUARE *,*,*,<sraix>WHAT IS A SQUARE <star/></sraix>,sraix.aiml
0,WHAT IS A CAT,*,*,<sraix>WHAT IS A CAT</sraix>,sraix.aiml
0,WHAT IS A LITTLE *,*,*,<sraix>WHAT IS A LITTLE <star/></sraix>,sraix.aiml
0,WHAT IS A PENIS,*,*,<sraix>WHAT IS A PENIS</sraix>,sraix.aiml
0,WHAT IS MARIJUANA,*,*,<sraix>WHAT IS MARIJUANA</sraix>,sraix.aiml
0,WHAT IS PANDORA,*,*,<sraix>WHAT IS PANDORA</sraix>,sraix.aiml
0,WHAT IS ARTIFICIAL INTELLIGENCE,*,*,<sraix>WHAT IS ARTIFICIAL INTELLIGENCE</sraix>,sraix.aiml
0,WHAT IS IRIS,*,*,<sraix>WHAT IS IRIS</sraix>,sraix.aiml
0,WHAT IS FACEBOOK,*,*,<sraix>WHAT IS FACEBOOK</sraix>,sraix.aiml
0,WHAT IS THE MAIN *,*,*,<sraix>WHAT IS THE MAIN <star/></sraix>,sraix.aiml
0,WHAT IS THE LATEST NEWS,*,*,<sraix>WHAT IS THE LATEST NEWS</sraix>,sraix.aiml
0,WHAT IS THE LATEST NEWS ON *,*,*,<sraix>WHAT IS THE LATEST NEWS ON <star/></sraix>,sraix.aiml
0,WHAT IS THE LATEST NEWS *,*,*,<sraix>WHAT IS THE LATEST NEWS <star/></sraix>,sraix.aiml
0,WHAT IS THE LATEST *,*,*,<sraix>WHAT IS THE LATEST <star/></sraix>,sraix.aiml
0,WHAT IS THE ENGLISH *,*,*,<sraix>WHAT IS THE ENGLISH <star/></sraix>,sraix.aiml
0,WHAT IS THE WORLD S *,*,*,<sraix>WHAT IS THE WORLD S <star/></sraix>,sraix.aiml
0,WHAT IS THE WORLD *,*,*,<sraix>WHAT IS THE WORLD <star/></sraix>,sraix.aiml
0,WHAT IS THE BEST PHONE,*,*,<sraix>WHAT IS THE BEST PHONE</sraix>,sraix.aiml
0,WHAT IS THE BEST PLACE TO *,*,*,<sraix>WHAT IS THE BEST PLACE TO <star/></sraix>,sraix.aiml
0,WHAT IS THE BEST THING TO *,*,*,<sraix>WHAT IS THE BEST THING TO <star/></sraix>,sraix.aiml
0,WHAT IS THE BEST *,*,*,<sraix>WHAT IS THE BEST <star/></sraix>,sraix.aiml
0,WHAT IS THE BEST SELLING *,*,*,<sraix>WHAT IS THE BEST SELLING <star/></sraix>,sraix.aiml
0,WHAT IS THE BEST WAY TO *,*,*,<sraix>WHAT IS THE BEST WAY TO <star/></sraix>,sraix.aiml
0,WHAT IS THE BEST KIND OF *,*,*,<sraix>WHAT IS THE BEST KIND OF <star/></sraix>,sraix.aiml
0,WHAT IS THE GREATEST *,*,*,<sraix>WHAT IS THE GREATEST <star/></sraix>,sraix.aiml
0,WHAT IS THE NUMBER *,*,*,<sraix>WHAT IS THE NUMBER <star/></sraix>,sraix.aiml
0,WHAT IS THE LONGEST RIVER IN *,*,*,<sraix>WHAT IS THE LONGEST RIVER IN <star/></sraix>,sraix.aiml
0,WHAT IS THE PURPOSE OF LIFE,*,*,<sraix>WHAT IS THE PURPOSE OF LIFE</sraix>,sraix.aiml
0,WHAT IS THE PHONE NUMBER *,*,*,<sraix>WHAT IS THE PHONE NUMBER <star/></sraix>,sraix.aiml
0,WHAT IS THE NEW *,*,*,<sraix>WHAT IS THE NEW <star/></sraix>,sraix.aiml
0,WHAT IS THE WEATHER,*,*,<sraix>WHAT IS THE WEATHER</sraix>,sraix.aiml
0,WHAT IS THE WEATHER FORECAST FOR *,*,*,<sraix>WHAT IS THE WEATHER FORECAST FOR <star/></sraix>,sraix.aiml
0,WHAT IS THE WEATHER FOR TODAY,*,*,<sraix>WHAT IS THE WEATHER FOR TODAY</sraix>,sraix.aiml
0,WHAT IS THE WEATHER FOR *,*,*,<sraix>WHAT IS THE WEATHER FOR <star/></sraix>,sraix.aiml
0,WHAT IS THE WEATHER FOR TOMORROW,*,*,<sraix>WHAT IS THE WEATHER FOR TOMORROW</sraix>,sraix.aiml
0,WHAT IS THE WEATHER RIGHT NOW,*,*,<sraix>WHAT IS THE WEATHER RIGHT NOW</sraix>,sraix.aiml
0,WHAT IS THE WEATHER TODAY,*,*,<sraix>WHAT IS THE WEATHER TODAY</sraix>,sraix.aiml
0,WHAT IS THE WEATHER TODAY *,*,*,<sraix>WHAT IS THE WEATHER TODAY <star/></sraix>,sraix.aiml
0,WHAT IS THE WEATHER GOING TO BE *,*,*,<sraix>WHAT IS THE WEATHER GOING TO BE <star/></sraix>,sraix.aiml
0,WHAT IS THE WEATHER GOING TO BE LIKE TODAY,*,*,<sraix>WHAT IS THE WEATHER GOING TO BE LIKE TODAY</sraix>,sraix.aiml
0,WHAT IS THE WEATHER GOING TO BE LIKE IN *,*,*,<sraix>WHAT IS THE WEATHER GOING TO BE LIKE IN <star/></sraix>,sraix.aiml
0,WHAT IS THE WEATHER IN PARIS,*,*,<sraix>WHAT IS THE WEATHER IN PARIS</sraix>,sraix.aiml
0,WHAT IS THE WEATHER IN *,*,*,<sraix>WHAT IS THE WEATHER IN <star/></sraix>,sraix.aiml
0,WHAT IS THE WEATHER IN LONDON,*,*,<sraix>WHAT IS THE WEATHER IN LONDON</sraix>,sraix.aiml
0,WHAT IS THE WEATHER *,*,*,<sraix>WHAT IS THE WEATHER <star/></sraix>,sraix.aiml
0,WHAT IS THE WEATHER LIKE,*,*,<sraix>WHAT IS THE WEATHER LIKE</sraix>,sraix.aiml
0,WHAT IS THE WEATHER LIKE FOR TODAY,*,*,<sraix>WHAT IS THE WEATHER LIKE FOR TODAY</sraix>,sraix.aiml
0,WHAT IS THE WEATHER LIKE FOR TOMORROW,*,*,<sraix>WHAT IS THE WEATHER LIKE FOR TOMORROW</sraix>,sraix.aiml
0,WHAT IS THE WEATHER LIKE TODAY,*,*,<sraix>WHAT IS THE WEATHER LIKE TODAY</sraix>,sraix.aiml
0,WHAT IS THE WEATHER LIKE IN NEW YORK,*,*,<sraix>WHAT IS THE WEATHER LIKE IN NEW YORK</sraix>,sraix.aiml
0,WHAT IS THE WEATHER LIKE IN *,*,*,<sraix>WHAT IS THE WEATHER LIKE IN <star/></sraix>,sraix.aiml
0,WHAT IS THE WEATHER LIKE *,*,*,<sraix>WHAT IS THE WEATHER LIKE <star/></sraix>,sraix.aiml
0,WHAT IS THE WEATHER LIKE HERE,*,*,<sraix>WHAT IS THE WEATHER LIKE HERE</sraix>,sraix.aiml
0,WHAT IS THE WEATHER LIKE OUTSIDE,*,*,<sraix>WHAT IS THE WEATHER LIKE OUTSIDE</sraix>,sraix.aiml
0,WHAT IS THE WEATHER LIKE TOMORROW,*,*,<sraix>WHAT IS THE WEATHER LIKE TOMORROW</sraix>,sraix.aiml
0,WHAT IS THE WEATHER TOMORROW,*,*,<sraix>WHAT IS THE WEATHER TOMORROW</sraix>,sraix.aiml
0,WHAT IS THE WEATHER OUTSIDE,*,*,<sraix>WHAT IS THE WEATHER OUTSIDE</sraix>,sraix.aiml
0,WHAT IS THE CAPITAL OF CHINA,*,*,<sraix>WHAT IS THE CAPITAL OF CHINA</sraix>,sraix.aiml
0,WHAT IS THE CAPITAL OF *,*,*,<sraix>WHAT IS THE CAPITAL OF <star/></sraix>,sraix.aiml
0,WHAT IS THE CAPITAL OF INDIA,*,*,<sraix>WHAT IS THE CAPITAL OF INDIA</sraix>,sraix.aiml
0,WHAT IS THE CAPITAL OF PAKISTAN,*,*,<sraix>WHAT IS THE CAPITAL OF PAKISTAN</sraix>,sraix.aiml
0,WHAT IS THE CAPITAL CITY OF *,*,*,<sraix>WHAT IS THE CAPITAL CITY OF <star/></sraix>,sraix.aiml
0,WHAT IS THE CURRENT WEATHER,*,*,<sraix>WHAT IS THE CURRENT WEATHER</sraix>,sraix.aiml
0,WHAT IS THE CURRENT *,*,*,<sraix>WHAT IS THE CURRENT <star/></sraix>,sraix.aiml
0,WHAT IS THE HISTORY OF *,*,*,<sraix>WHAT IS THE HISTORY OF <star/></sraix>,sraix.aiml
0,WHAT IS THE INTERNET,*,*,<sraix>WHAT IS THE INTERNET</sraix>,sraix.aiml
0,WHAT IS THE BIGGEST *,*,*,<sraix>WHAT IS THE BIGGEST <star/></sraix>,sraix.aiml
0,WHAT IS THE TIME IN *,*,*,<sraix>WHAT IS THE TIME IN <star/></sraix>,sraix.aiml
0,WHAT IS THE DISTANCE *,*,*,<sraix>WHAT IS THE DISTANCE <star/></sraix>,sraix.aiml
0,WHAT IS THE DISTANCE TO THE MOON,*,*,<sraix>WHAT IS THE DISTANCE TO THE MOON</sraix>,sraix.aiml
0,WHAT IS THE NAME OF *,*,*,<sraix>WHAT IS THE NAME OF <star/></sraix>,sraix.aiml
0,WHAT IS THE NAME OF THE *,*,*,<sraix>WHAT IS THE NAME OF THE <star/></sraix>,sraix.aiml
0,WHAT IS THE FULL FORM OF *,*,*,<sraix>WHAT IS THE FULL FORM OF <star/></sraix>,sraix.aiml
0,WHAT IS THE PERFECT *,*,*,<sraix>WHAT IS THE PERFECT <star/></sraix>,sraix.aiml
0,WHAT IS THE *,*,*,<sraix>WHAT IS THE <star/></sraix>,sraix.aiml
0,WHAT IS THE SPEED OF LIGHT,*,*,<sraix>WHAT IS THE SPEED OF LIGHT</sraix>,sraix.aiml
0,WHAT IS THE LARGEST COMPANY,*,*,<sraix>WHAT IS THE LARGEST COMPANY</sraix>,sraix.aiml
0,WHAT IS THE AVERAGE *,*,*,<sraix>WHAT IS THE AVERAGE <star/></sraix>,sraix.aiml
0,WHAT IS THE TALLEST BUILDING IN THE WORLD,*,*,<sraix>WHAT IS THE TALLEST BUILDING IN THE WORLD</sraix>,sraix.aiml
0,WHAT IS THE HIGHEST *,*,*,<sraix>WHAT IS THE HIGHEST <star/></sraix>,sraix.aiml
0,WHAT IS THE HIGHEST MOUNTAIN IN THE WORLD,*,*,<sraix>WHAT IS THE HIGHEST MOUNTAIN IN THE WORLD</sraix>,sraix.aiml
0,WHAT IS THE SOFTEST *,*,*,<sraix>WHAT IS THE SOFTEST <star/></sraix>,sraix.aiml
0,WHAT IS THE NEXT *,*,*,<sraix>WHAT IS THE NEXT <star/></sraix>,sraix.aiml
0,WHAT IS THE CURRENCY OF *,*,*,<sraix>WHAT IS THE CURRENCY OF <star/></sraix>,sraix.aiml
0,WHAT IS THE MEANING OF LIFE,*,*,<sraix>WHAT IS THE MEANING OF LIFE</sraix>,sraix.aiml
0,WHAT IS THE FASTEST *,*,*,<sraix>WHAT IS THE FASTEST <star/></sraix>,sraix.aiml
0,WHAT IS THE FASTEST CAR IN THE WORLD,*,*,<sraix>WHAT IS THE FASTEST CAR IN THE WORLD</sraix>,sraix.aiml
0,WHAT IS THE DIFFERENCE *,*,*,<sraix>WHAT IS THE DIFFERENCE <star/></sraix>,sraix.aiml
0,WHAT IS THE DIFFERENCE BETWEEN * AND *,*,*,<think><set name="equal">IS <star/> EQUALTO <star index="2"/></set></think>#Newline<condition name="equal">#Newline<li value="true">Aren't they exactly the same?</li>#Newline<li><sraix>WHAT IS THE DIFFERENCE BETWEEN <star/> and <star index="2"/></sraix></li>#Newline</condition>,sraix.aiml
0,WHAT IS THE DATE *,*,*,<sraix>WHAT IS THE DATE <star/></sraix>,sraix.aiml
0,WHAT IS THE TOP *,*,*,<sraix>WHAT IS THE TOP <star/></sraix>,sraix.aiml
0,WHAT IS THE SQUARE BEAR,*,*,<sraix>WHAT IS THE SQUARE BEAR</sraix>,sraix.aiml
0,WHAT IS THE SQUARE ROOT *,*,*,<sraix>WHAT IS THE SQUARE ROOT <star/></sraix>,sraix.aiml
0,WHAT IS THE SQUARE ROOT OF 2,*,*,<sraix>WHAT IS THE SQUARE ROOT OF 2</sraix>,sraix.aiml
0,WHAT IS THE SQUARE ROOT OF PI,*,*,<sraix>WHAT IS THE SQUARE ROOT OF PI</sraix>,sraix.aiml
0,WHAT IS THE SQUARE ROOT OF *,*,*,<sraix>WHAT IS THE SQUARE ROOT OF <star/></sraix>,sraix.aiml
0,WHAT IS THE POPULATION OF FRANCE,*,*,<sraix>WHAT IS THE POPULATION OF FRANCE</sraix>,sraix.aiml
0,WHAT IS THE POPULATION OF CHINA,*,*,<sraix>WHAT IS THE POPULATION OF CHINA</sraix>,sraix.aiml
0,WHAT IS THE POPULATION OF *,*,*,<sraix>WHAT IS THE POPULATION OF <star/></sraix>,sraix.aiml
0,WHAT IS THE POPULATION OF UNITED STATES,*,*,<sraix>WHAT IS THE POPULATION OF UNITED STATES</sraix>,sraix.aiml
0,WHAT IS THE SIZE OF *,*,*,<sraix>WHAT IS THE SIZE OF <star/></sraix>,sraix.aiml
0,WHAT IS THE MOST COMMON *,*,*,<sraix>WHAT IS THE MOST COMMON <star/></sraix>,sraix.aiml
0,WHAT IS THE MOST *,*,*,<sraix>WHAT IS THE MOST <star/></sraix>,sraix.aiml
0,WHAT IS THE MOST IMPORTANT *,*,*,<sraix>WHAT IS THE MOST IMPORTANT <star/></sraix>,sraix.aiml
0,WHAT IS THE <SET>ORDINAL</SET> *,*,*,<sraix>WHAT IS THE <star/> <star index="2"/></sraix>,sraix.aiml
0,WHAT IS THE TEMPERATURE,*,*,<sraix>WHAT IS THE TEMPERATURE</sraix>,sraix.aiml
0,WHAT IS THE TEMPERATURE IN *,*,*,<sraix>WHAT IS THE TEMPERATURE IN <star/></sraix>,sraix.aiml
0,WHAT IS ANDROID,*,*,<sraix>WHAT IS ANDROID</sraix>,sraix.aiml
0,WHAT IS ON *,*,*,<sraix>WHAT IS ON <star/></sraix>,sraix.aiml
0,WHAT IS SEX,*,*,<sraix>WHAT IS SEX</sraix>,sraix.aiml
0,WHAT IS PROCREATION,*,*,<sraix>WHAT IS PROCREATION</sraix>,sraix.aiml
0,WHAT IS GOOGLE,*,*,<sraix>WHAT IS GOOGLE</sraix>,sraix.aiml
0,WHAT IS TIME *,*,*,<sraix>WHAT IS TIME <star/></sraix>,sraix.aiml
0,WHAT IS NOUN,*,*,<sraix>WHAT IS NOUN</sraix>,sraix.aiml
0,WHAT IS LOVE,*,*,<sraix>WHAT IS LOVE</sraix>,sraix.aiml
0,WHAT IS IN A *,*,*,<sraix>WHAT IS IN A <star/></sraix>,sraix.aiml
0,WHAT IS IN *,*,*,<sraix>WHAT IS IN <star/></sraix>,sraix.aiml
0,WHAT IS IN THE *,*,*,<sraix>WHAT IS IN THE <star/></sraix>,sraix.aiml
0,WHAT IS *,*,*,<sraix>WHAT IS <star/></sraix>,sraix.aiml
0,WHAT IS SO SPECIAL ABOUT *,*,*,<sraix>WHAT IS SO SPECIAL ABOUT <star/></sraix>,sraix.aiml
0,WHAT IS MARTIAL LAW,*,*,<sraix>WHAT IS MARTIAL LAW</sraix>,sraix.aiml
0,WHAT IS 3 *,*,*,<sraix>WHAT IS 3 <star/></sraix>,sraix.aiml
0,WHAT IS 2 *,*,*,<sraix>WHAT IS 2 <star/></sraix>,sraix.aiml
0,WHAT IS EVIL *,*,*,<sraix>WHAT IS EVIL <star/></sraix>,sraix.aiml
0,WHAT IS 1 *,*,*,<sraix>WHAT IS 1 <star/></sraix>,sraix.aiml
0,WHAT IS 7 *,*,*,<sraix>WHAT IS 7 <star/></sraix>,sraix.aiml
0,WHAT IS PI,*,*,<sraix>WHAT IS PI</sraix>,sraix.aiml
0,WHAT IS PI *,*,*,<sraix>WHAT IS PI <star/></sraix>,sraix.aiml
0,WHAT IS 5 *,*,*,<sraix>WHAT IS 5 <star/></sraix>,sraix.aiml
0,WHAT IS 4 *,*,*,<sraix>WHAT IS 4 <star/></sraix>,sraix.aiml
0,WHAT IS 9 *,*,*,<sraix>WHAT IS 9 <star/></sraix>,sraix.aiml
0,WHAT IS ALICE,*,*,<sraix>WHAT IS ALICE</sraix>,sraix.aiml
0,WHAT IS AN *,*,*,<sraix>WHAT IS AN <star/></sraix>,sraix.aiml
0,WHAT IS 50 *,*,*,<sraix>WHAT IS 50 <star/></sraix>,sraix.aiml
0,WHAT WAS *,*,*,<sraix>WHAT WAS <star/></sraix>,sraix.aiml
0,WHAT WAS THE *,*,*,<sraix>WHAT WAS THE <star/></sraix>,sraix.aiml
0,WHAT WAS THE FIRST *,*,*,<sraix>WHAT WAS THE FIRST <star/></sraix>,sraix.aiml
0,WHAT CITY IS *,*,*,<sraix>WHAT CITY IS <star/></sraix>,sraix.aiml
0,WHAT SOUND DOES A *,*,*,<sraix>WHAT SOUND DOES A <star/></sraix>,sraix.aiml
0,WHAT SOUND DOES A DOG MAKE,*,*,<sraix>WHAT SOUND DOES A DOG MAKE</sraix>,sraix.aiml
0,WHAT STATE *,*,*,<sraix>WHAT STATE <star/></sraix>,sraix.aiml
0,WHAT WILL HAPPEN TO *,*,*,<sraix>WHAT WILL HAPPEN TO <star/></sraix>,sraix.aiml
0,WHAT WILL HAPPEN *,*,*,<sraix>WHAT WILL HAPPEN <star/></sraix>,sraix.aiml
0,WHAT WILL HAPPEN IF *,*,*,<sraix>WHAT WILL HAPPEN IF <star/></sraix>,sraix.aiml
0,WHAT WILL BE *,*,*,<sraix>WHAT WILL BE <star/></sraix>,sraix.aiml
0,WHAT WILL THE WEATHER BE LIKE IN *,*,*,<sraix>WHAT WILL THE WEATHER BE LIKE IN <star/></sraix>,sraix.aiml
0,WHAT WILL THE WEATHER BE LIKE *,*,*,<sraix>WHAT WILL THE WEATHER BE LIKE <star/></sraix>,sraix.aiml
0,WHAT WILL THE WEATHER BE LIKE TOMORROW,*,*,<sraix>WHAT WILL THE WEATHER BE LIKE TOMORROW</sraix>,sraix.aiml
0,WHAT WOULD YOU DO IF YOU *,*,*,<sraix>WHAT WOULD YOU DO IF YOU <star/></sraix>,sraix.aiml
0,WHAT SHOULD I DO *,*,*,<sraix>WHAT SHOULD I DO <star/></sraix>,sraix.aiml
0,WHAT RHYMES WITH *,*,*,<sraix>WHAT RHYMES WITH <star/></sraix>,sraix.aiml
0,WHAT DOES A *,*,*,<sraix>WHAT DOES A <star/></sraix>,sraix.aiml
0,WHAT DOES *,*,*,<sraix>WHAT DOES <star/></sraix>,sraix.aiml
0,WHAT DOES THE *,*,*,<sraix>WHAT DOES THE <star/></sraix>,sraix.aiml
0,WHAT HAPPENS *,*,*,<sraix>WHAT HAPPENS <star/></sraix>,sraix.aiml
0,WHAT MOVIES *,*,*,<sraix>WHAT MOVIES <star/></sraix>,sraix.aiml
0,WHAT KIND OF *,*,*,<sraix>WHAT KIND OF <star/></sraix>,sraix.aiml
0,WHAT COUNTRY *,*,*,<sraix>WHAT COUNTRY <star/></sraix>,sraix.aiml
0,WHAT COUNTRY IS *,*,*,<sraix>WHAT COUNTRY IS <star/></sraix>,sraix.aiml
0,WHAT PRESIDENT *,*,*,<sraix>WHAT PRESIDENT <star/></sraix>,sraix.aiml
0,WHAT DATE *,*,*,<sraix>WHAT DATE <star/></sraix>,sraix.aiml
0,NAME THE *,*,*,<sraix>NAME THE <star/></sraix>,sraix.aiml
0,NAME OF *,*,*,<sraix>NAME OF <star/></sraix>,sraix.aiml
0,NAME OF THE *,*,*,<sraix>NAME OF THE <star/></sraix>,sraix.aiml
0,FAVORITE *,*,*,<sraix botid="844a85704e345a9a" host="callmom.pandorabots.com">FAVORITE <star/></sraix>,sraix.aiml
0,HOW LATE *,*,*,<sraix>HOW LATE <star/></sraix>,sraix.aiml
0,HOW WILL *,*,*,<sraix>HOW WILL <star/></sraix>,sraix.aiml
0,HOW TO MAKE *,*,*,<sraix>HOW TO MAKE <star/></sraix>,sraix.aiml
0,HOW TO STOP *,*,*,<sraix>HOW TO STOP <star/></sraix>,sraix.aiml
0,HOW TO GET *,*,*,<sraix>HOW TO GET <star/></sraix>,sraix.aiml
0,HOW TO FIX A *,*,*,<sraix>HOW TO FIX A <star/></sraix>,sraix.aiml
0,HOW TO FIX *,*,*,<sraix>HOW TO FIX <star/></sraix>,sraix.aiml
0,HOW TO BE A *,*,*,<sraix>HOW TO BE A <star/></sraix>,sraix.aiml
0,HOW TO BE *,*,*,<sraix>HOW TO BE <star/></sraix>,sraix.aiml
0,HOW TO SPEAK *,*,*,<sraix>HOW TO SPEAK <star/></sraix>,sraix.aiml
0,HOW TO STUDY *,*,*,<sraix>HOW TO STUDY <star/></sraix>,sraix.aiml
0,HOW TO *,*,*,<sraix>HOW TO <star/></sraix>,sraix.aiml
0,HOW WOULD *,*,*,<sraix>HOW WOULD <star/></sraix>,sraix.aiml
0,HOW DOES A *,*,*,<sraix>HOW DOES A <star/></sraix>,sraix.aiml
0,HOW DOES *,*,*,<sraix>HOW DOES <star/></sraix>,sraix.aiml
0,HOW OLD *,*,*,<sraix>HOW OLD <star/></sraix>,sraix.aiml
0,HOW OLD IS THE EARTH,*,*,<sraix>HOW OLD IS THE EARTH</sraix>,sraix.aiml
0,HOW DO *,*,*,<sraix>HOW DO <star/></sraix>,sraix.aiml
0,HOW DO YOU *,*,*,<sraix>HOW DO YOU <star/></sraix>,sraix.aiml
0,HOW DO YOU EAT *,*,*,<sraix>HOW DO YOU EAT <star/></sraix>,sraix.aiml
0,HOW DO YOU MAKE A *,*,*,<sraix>HOW DO YOU MAKE A <star/></sraix>,sraix.aiml
0,HOW DO YOU MAKE *,*,*,<sraix>HOW DO YOU MAKE <star/></sraix>,sraix.aiml
0,HOW DO YOU GET *,*,*,<sraix>HOW DO YOU GET <star/></sraix>,sraix.aiml
0,HOW DO YOU GET RID OF *,*,*,<sraix>HOW DO YOU GET RID OF <star/></sraix>,sraix.aiml
0,HOW DO YOU COOK *,*,*,<sraix>HOW DO YOU COOK <star/></sraix>,sraix.aiml
0,HOW DO I FIND *,*,*,<sraix>HOW DO I FIND <star/></sraix>,sraix.aiml
0,HOW DO I MAKE MY *,*,*,<sraix>HOW DO I MAKE MY <star/></sraix>,sraix.aiml
0,HOW DO I MAKE A *,*,*,<sraix>HOW DO I MAKE A <star/></sraix>,sraix.aiml
0,HOW DO I GET *,*,*,<sraix>HOW DO I GET <star/></sraix>,sraix.aiml
0,HOW DO I *,*,*,<sraix>HOW TO <star/></sraix>,sraix.aiml
0,HOW DO I TELL *,*,*,<sraix>HOW DO I TELL <star/></sraix>,sraix.aiml
0,HOW FAST *,*,*,<sraix>HOW FAST <star/></sraix>,sraix.aiml
0,HOW FAST IS A *,*,*,<sraix>HOW FAST IS A <star/></sraix>,sraix.aiml
0,HOW FAST IS *,*,*,<sraix>HOW FAST IS <star/></sraix>,sraix.aiml
0,HOW FAR AWAY IS *,*,*,<sraix>HOW FAR AWAY IS <star/></sraix>,sraix.aiml
0,HOW FAR AWAY IS THE MOON,*,*,<sraix>HOW FAR AWAY IS THE MOON</sraix>,sraix.aiml
0,HOW FAR AWAY IS THE SUN,*,*,<sraix>HOW FAR AWAY IS THE SUN</sraix>,sraix.aiml
0,HOW FAR *,*,*,<sraix>HOW FAR <star/></sraix>,sraix.aiml
0,HOW FAR IS THE MOON,*,*,<sraix>HOW FAR IS THE MOON</sraix>,sraix.aiml
0,HOW FAR IS THE *,*,*,<sraix>HOW FAR IS THE <star/></sraix>,sraix.aiml
0,HOW FAR IS IT TO THE MOON,*,*,<sraix>HOW FAR IS IT TO THE MOON</sraix>,sraix.aiml
0,HOW DID *,*,*,<sraix>HOW DID <star/></sraix>,sraix.aiml
0,HOW MANY DAYS *,*,*,<sraix>HOW MANY DAYS <star/></sraix>,sraix.aiml
0,HOW MANY FEET ARE IN A MILE,*,*,<sraix>HOW MANY FEET ARE IN A MILE</sraix>,sraix.aiml
0,HOW MANY FEET *,*,*,<sraix>HOW MANY FEET <star/></sraix>,sraix.aiml
0,HOW MANY MORE *,*,*,<sraix>HOW MANY MORE <star/></sraix>,sraix.aiml
0,HOW MANY *,*,*,<sraix>HOW MANY <star/></sraix>,sraix.aiml
0,HOW MANY CALORIES ARE IN *,*,*,<sraix>HOW MANY CALORIES ARE IN <star/></sraix>,sraix.aiml
0,HOW MANY CALORIES IN A *,*,*,<sraix>HOW MANY CALORIES IN A <star/></sraix>,sraix.aiml
0,HOW MANY CALORIES *,*,*,<sraix>HOW MANY CALORIES <star/></sraix>,sraix.aiml
0,HOW MANY TIMES *,*,*,<sraix>HOW MANY TIMES <star/></sraix>,sraix.aiml
0,HOW MANY PEOPLE *,*,*,<sraix>HOW MANY PEOPLE <star/></sraix>,sraix.aiml
0,HOW MANY YEARS *,*,*,<sraix>HOW MANY YEARS <star/></sraix>,sraix.aiml
0,HOW MANY MILES *,*,*,<sraix>HOW MANY MILES <star/></sraix>,sraix.aiml
0,HOW MANY HOURS *,*,*,<sraix>HOW MANY HOURS <star/></sraix>,sraix.aiml
0,HOW CAN A *,*,*,<sraix>HOW CAN A <star/></sraix>,sraix.aiml
0,HOW CAN WE *,*,*,<sraix>HOW CAN WE <star/></sraix>,sraix.aiml
0,HOW CAN *,*,*,<sraix>HOW CAN <star/></sraix>,sraix.aiml
0,HOW CAN YOU *,*,*,<sraix>HOW CAN YOU <star/></sraix>,sraix.aiml
0,HOW CAN YOU TELL *,*,*,<sraix>HOW CAN YOU TELL <star/></sraix>,sraix.aiml
0,HOW CAN I MAKE *,*,*,<sraix>HOW CAN I MAKE <star/></sraix>,sraix.aiml
0,HOW CAN I DO *,*,*,<sraix>HOW CAN I DO <star/></sraix>,sraix.aiml
0,HOW CAN I IMPROVE MY ENGLISH,*,*,<sraix>HOW CAN I IMPROVE MY ENGLISH</sraix>,sraix.aiml
0,HOW CAN I IMPROVE MY *,*,*,<sraix>HOW CAN I IMPROVE MY <star/></sraix>,sraix.aiml
0,HOW CAN I GET MY *,*,*,<sraix>HOW CAN I GET MY <star/></sraix>,sraix.aiml
0,HOW CAN I GET A *,*,*,<sraix>HOW CAN I GET A <star/></sraix>,sraix.aiml
0,HOW CAN I GO TO *,*,*,<sraix>HOW CAN I GO TO <star/></sraix>,sraix.aiml
0,HOW CAN I *,*,*,<sraix>HOW CAN I <star/></sraix>,sraix.aiml
0,HOW CAN I KILL *,*,*,<sraix>HOW CAN I KILL <star/></sraix>,sraix.aiml
0,HOW COULD I *,*,*,<sraix>HOW COULD I <star/></sraix>,sraix.aiml
0,HOW ARE *,*,*,<sraix>HOW ARE <star/></sraix>,sraix.aiml
0,HOW ARE THE *,*,*,<sraix>HOW ARE THE <star/></sraix>,sraix.aiml
0,HOW *,*,*,<sraix>HOW <star/></sraix>,sraix.aiml
0,HOW HIGH IS *,*,*,<sraix>HOW HIGH IS <star/></sraix>,sraix.aiml
0,HOW DEEP IS THE *,*,*,<sraix>HOW DEEP IS THE <star/></sraix>,sraix.aiml
0,HOW IS *,*,*,<sraix>HOW IS <star/></sraix>,sraix.aiml
0,HOW IS THE WEATHER,*,*,<sraix>HOW IS THE WEATHER</sraix>,sraix.aiml
0,HOW IS THE WEATHER *,*,*,<sraix>HOW IS THE WEATHER <star/></sraix>,sraix.aiml
0,HOW IS THE WEATHER LIKE TODAY IN NEW DELHI,*,*,<sraix>HOW IS THE WEATHER LIKE TODAY IN NEW DELHI</sraix>,sraix.aiml
0,HOW IS THE WEATHER LIKE TODAY IN *,*,*,<sraix>HOW IS THE WEATHER LIKE TODAY IN <star/></sraix>,sraix.aiml
0,HOW TALL *,*,*,<sraix>HOW TALL <star/></sraix>,sraix.aiml
0,HOW TALL IS *,*,*,<sraix>HOW TALL IS <star/></sraix>,sraix.aiml
0,HOW TALL IS THE *,*,*,<sraix>HOW TALL IS THE <star/></sraix>,sraix.aiml
0,HOW LONG DO *,*,*,<sraix>HOW LONG DO <star/></sraix>,sraix.aiml
0,HOW LONG WILL I LIVE,*,*,<sraix>HOW LONG WILL I LIVE</sraix>,sraix.aiml
0,HOW LONG *,*,*,<sraix>HOW LONG <star/></sraix>,sraix.aiml
0,HOW LONG WOULD *,*,*,<sraix>HOW LONG WOULD <star/></sraix>,sraix.aiml
0,HOW LONG IS *,*,*,<sraix>HOW LONG IS <star/></sraix>,sraix.aiml
0,HOW LONG IS THE *,*,*,<sraix>HOW LONG IS THE <star/></sraix>,sraix.aiml
0,HOW LONG IS IT *,*,*,<sraix>HOW LONG IS IT <star/></sraix>,sraix.aiml
0,HOW LONG DOES IT TAKE *,*,*,<sraix>HOW LONG DOES IT TAKE <star/></sraix>,sraix.aiml
0,HOW LONG DOES IT TAKE TO *,*,*,<sraix>HOW LONG DOES IT TAKE TO <star/></sraix>,sraix.aiml
0,HOW MUCH ARE *,*,*,<sraix>HOW MUCH ARE <star/></sraix>,sraix.aiml
0,HOW MUCH MONEY *,*,*,<sraix>HOW MUCH MONEY <star/></sraix>,sraix.aiml
0,HOW MUCH MONEY DOES *,*,*,<sraix>HOW MUCH MONEY DOES <star/></sraix>,sraix.aiml
0,HOW MUCH *,*,*,<sraix>HOW MUCH <star/></sraix>,sraix.aiml
0,HOW MUCH IS A *,*,*,<sraix>HOW MUCH IS A <star/></sraix>,sraix.aiml
0,HOW MUCH IS *,*,*,<sraix>HOW MUCH IS <star/></sraix>,sraix.aiml
0,HOW MUCH IS THE *,*,*,<sraix>HOW MUCH IS THE <star/></sraix>,sraix.aiml
0,HOW MUCH DOES A *,*,*,<sraix>HOW MUCH DOES A <star/></sraix>,sraix.aiml
0,HOW MUCH DOES *,*,*,<sraix>HOW MUCH DOES <star/></sraix>,sraix.aiml
0,HOW BIG ARE *,*,*,<sraix>HOW BIG ARE <star/></sraix>,sraix.aiml
0,HOW BIG IS *,*,*,<sraix>HOW BIG IS <star/></sraix>,sraix.aiml
0,HOW BIG IS THE *,*,*,<sraix>HOW BIG IS THE <star/></sraix>,sraix.aiml
0,JOKE,*,*,<sraix botid="844a85704e345a9a" host="callmom.pandorabots.com">JOKE</sraix>,sraix.aiml
0,IN WHICH *,*,*,<sraix>IN WHICH <star/></sraix>,sraix.aiml
0,WHAT WORD *,*,*,<sraix>WHAT WORD <star/></sraix>,sraix.aiml
0,HOW IS THE *,*,*,<sraix>HOW IS THE <star/></sraix>,sraix.aiml
0,WERE *,*,*,<sraix>WERE <star/></sraix>,sraix.aiml
0,WHAT TYPE OF *,*,*,<sraix>WHAT TYPE OF <star/></sraix>,sraix.aiml
0,WHO INVENTED THE *,*,*,<sraix>WHO INVENTED THE <star/></sraix>,sraix.aiml
0,WHICH IS THE BEST *,*,*,<sraix>WHICH IS THE BEST <star/></sraix>,sraix.aiml
0,SPORTS *,*,*,<sraix>WHAT IS THE LATEST SPORTS <star/></sraix>,sraix.aiml
0,SET * ALARM *,*,*,<sraix>SET <star/> ALARM <star index="2"/></sraix>,sraix.aiml
0,WHAT IS THE WEATHER FORECAST,*,*,<sraix>WHAT IS THE WEATHER FORECAST</sraix>,sraix.aiml
0,WEATHER FOR *,*,*,<sraix>WHAT IS THE WEATHER FOR <star/></sraix>,sraix.aiml
0,HOW MUCH DO * COST,*,*,<sraix>HOW MUCH DO <star/> COST</sraix>,sraix.aiml
0,HOW DO I MAKE *,*,*,<sraix>HOW DO I MAKE <star/></sraix>,sraix.aiml
0,WHAT DAY *,*,*,<sraix>WHAT DAY <star/></sraix>,sraix.aiml
0,WHEN WAS THE *,*,*,<sraix>WHEN WAS THE <star/></sraix>,sraix.aiml
0,WHAT COLOR IS *,*,*,<sraix>WHAT COLOR IS <star/></sraix>,sraix.aiml
0,HOW OLD IS THE *,*,*,<sraix>HOW OLD IS THE <star/></sraix>,sraix.aiml
0,WHO SAID *,*,*,<sraix>WHO SAID <star/></sraix>,sraix.aiml
0,WHERE IN *,*,*,<sraix>WHERE IN <star/></sraix>,sraix.aiml
0,WHAT IS A,*,*,<sraix>WHAT IS A</sraix>,sraix.aiml
0,WHAT TO DO *,*,*,<sraix>WHAT TO DO <star/></sraix>,sraix.aiml
0,DID THE *,*,*,<sraix>DID THE <star/></sraix>,sraix.aiml
0,WHAT IS THE,*,*,<sraix>WHAT IS THE</sraix>,sraix.aiml
